<?xml version="1.0" encoding="UTF-8" standalone="no"?>
<Entities>
    <ExtensionPackages>
        <ExtensionPackage dependsOn="" description="Echart App" minimumThingWorxVersion="8.4.0" name="echart" packageVersion="1.0.0" vendor="Vivi"> 
        </ExtensionPackage>
    </ExtensionPackages>
    <Widgets>
        <Widget name="echart">
            <UIResources>
                <FileResource description="" file="echarts.min.js" isDevelopment="false" isRuntime="true" type="JS"/>
                <FileResource description="" file="echart.ide.js" isDevelopment="true" isRuntime="false" type="JS"/>
                <FileResource description="" file="echart.ide.css" isDevelopment="true" isRuntime="false" type="CSS"/>
                <FileResource description="" file="echart.runtime.js" isDevelopment="false" isRuntime="true" type="JS"/>
                <FileResource description="" file="echart.runtime.css" isDevelopment="false" isRuntime="true" type="CSS"/>
            </UIResources>
        </Widget>
    </Widgets>
</Entities>
